hypothetical_centre_latitude_degrees,nominal_radius_label_m,square_side_cells,angular_side_degrees,east_west_midpoint_distance_m,north_south_midpoint_distance_m
20,500,35,0.009432310483254977,987.06,1044.2
20,1000,67,0.018056137210802382,1889.52,1998.89
20,5000,335,0.09028068605401192,9447.61,9994.46
30,500,35,0.009432310483254977,910.09,1045.59
30,1000,67,0.018056137210802382,1742.17,2001.57
30,5000,335,0.09028068605401192,8710.85,10007.83
40,500,35,0.009432310483254977,805.46,1047.31
40,1000,67,0.018056137210802382,1541.88,2004.86
40,5000,335,0.09028068605401192,7709.42,10024.28
50,500,35,0.009432310483254977,676.26,1049.15
50,1000,67,0.018056137210802382,1294.55,2008.37
50,5000,335,0.09028068605401192,6472.74,10041.84
